<?xml version='1.0' encoding='UTF-8'?>
<Orders>
<Order>
    <OrderID>151</OrderID>
<Customer>
    <CustomerID>151</CustomerID>
    <Name>Customer 151</Name>
</Customer>
    <OrderDate>2024-10-15T10:31:00</OrderDate>
<Products>
    <Product>
        <ProductID>251</ProductID>
        <Name>Product 151</Name>
        <Quantity>4</Quantity>
        <Price>86.47</Price>
    </Product>
</Products>
    <TotalAmount>268.28</TotalAmount>
</Order>
<Order>
    <OrderID>152</OrderID>
<Customer>
    <CustomerID>152</CustomerID>
    <Name>Customer 152</Name>
</Customer>
    <OrderDate>2024-10-15T10:32:00</OrderDate>
<Products>
    <Product>
        <ProductID>252</ProductID>
        <Name>Product 152</Name>
        <Quantity>4</Quantity>
        <Price>39.64</Price>
    </Product>
</Products>
    <TotalAmount>154.94</TotalAmount>
</Order>
<Order>
    <OrderID>153</OrderID>
<Customer>
    <CustomerID>153</CustomerID>
    <Name>Customer 153</Name>
</Customer>
    <OrderDate>2024-10-15T10:33:00</OrderDate>
<Products>
    <Product>
        <ProductID>253</ProductID>
        <Name>Product 153</Name>
        <Quantity>2</Quantity>
        <Price>82.42</Price>
    </Product>
</Products>
    <TotalAmount>315.68</TotalAmount>
</Order>
<Order>
    <OrderID>154</OrderID>
<Customer>
    <CustomerID>154</CustomerID>
    <Name>Customer 154</Name>
</Customer>
    <OrderDate>2024-10-15T10:34:00</OrderDate>
<Products>
    <Product>
        <ProductID>254</ProductID>
        <Name>Product 154</Name>
        <Quantity>2</Quantity>
        <Price>47.84</Price>
    </Product>
</Products>
    <TotalAmount>155.04</TotalAmount>
</Order>
</Orders>