<?xml version='1.0' encoding='UTF-8'?>
<Orders>
<Order>
    <OrderID>181</OrderID>
<Customer>
    <CustomerID>181</CustomerID>
    <Name>Customer 181</Name>
</Customer>
    <OrderDate>2024-10-15T10:01:00</OrderDate>
<Products></Products>
    <TotalAmount>82.23</TotalAmount>
</Order>
<Order>
    <OrderID>182</OrderID>
<Customer>
    <CustomerID>182</CustomerID>
    <Name>Customer 182</Name>
</Customer>
    <OrderDate>2024-10-15T10:02:00</OrderDate>
<Products></Products>
    <TotalAmount>498.99</TotalAmount>
</Order>
<Order>
    <OrderID>183</OrderID>
<Customer>
    <CustomerID>183</CustomerID>
    <Name>Customer 183</Name>
</Customer>
    <OrderDate>2024-10-15T10:03:00</OrderDate>
<Products></Products>
    <TotalAmount>237.63</TotalAmount>
</Order>
<Order>
    <OrderID>184</OrderID>
<Customer>
    <CustomerID>184</CustomerID>
    <Name>Customer 184</Name>
</Customer>
    <OrderDate>2024-10-15T10:04:00</OrderDate>
<Products></Products>
    <TotalAmount>445.81</TotalAmount>
</Order>
</Orders>