<?xml version='1.0' encoding='UTF-8'?>
<Orders>
<Order>
    <OrderID>211</OrderID>
<Customer>
    <CustomerID>211</CustomerID>
    <Name>Customer 211</Name>
</Customer>
    <OrderDate>2024-10-15T10:31:00</OrderDate>

    <TotalAmount>258.98</TotalAmount>
</Order>
<Order>
    <OrderID>212</OrderID>
<Customer>
    <CustomerID>212</CustomerID>
    <Name>Customer 212</Name>
</Customer>
    <OrderDate>2024-10-15T10:32:00</OrderDate>

    <TotalAmount>51.73</TotalAmount>
</Order>
<Order>
    <OrderID>213</OrderID>
<Customer>
    <CustomerID>213</CustomerID>
    <Name>Customer 213</Name>
</Customer>
    <OrderDate>2024-10-15T10:33:00</OrderDate>

    <TotalAmount>101.03</TotalAmount>
</Order>
<Order>
    <OrderID>214</OrderID>
<Customer>
    <CustomerID>214</CustomerID>
    <Name>Customer 214</Name>
</Customer>
    <OrderDate>2024-10-15T10:34:00</OrderDate>

    <TotalAmount>364.86</TotalAmount>
</Order>
<Order>
    <OrderID>215</OrderID>
<Customer>
    <CustomerID>215</CustomerID>
    <Name>Customer 215</Name>
</Customer>
    <OrderDate>2024-10-15T10:35:00</OrderDate>

    <TotalAmount>67.75</TotalAmount>
</Order>
</Orders>