<?xml version='1.0' encoding='UTF-8'?>
<Orders>
<Order>
    <OrderID>121</OrderID>
<Customer>
    <CustomerID>121</CustomerID>
    <Name>Customer 121</Name>
</Customer
>
    <OrderDate>2024-10-15T10:01:00</OrderDate>
<Products>
    <Product>
        <ProductID>221</ProductID>
        <Name>Product 121</Name>
        <Quantity>2</Quantity>
        <Price>30.84</Price>
    </Product>
</Products>
    <TotalAmount>494.22</TotalAmount>
</Order>
<Order>
    <OrderID>122</OrderID>
<Customer>
    <CustomerID>122</CustomerID>
    <Name>Customer 122</Name>
</Customer
>
    <OrderDate>2024-10-15T10:02:00</OrderDate>
<Products>
    <Product>
        <ProductID>222</ProductID>
        <Name>Product 122</Name>
        <Quantity>1</Quantity>
        <Price>59.23</Price>
    </Product>
</Products>
    <TotalAmount>128.88</TotalAmount>
</Order>
<Order>
    <OrderID>123</OrderID>
<Customer>
    <CustomerID>123</CustomerID>
    <Name>Customer 123</Name>
</Customer
>
    <OrderDate>2024-10-15T10:03:00</OrderDate>
<Products>
    <Product>
        <ProductID>223</ProductID>
        <Name>Product 123</Name>
        <Quantity>2</Quantity>
        <Price>43.08</Price>
    </Product>
</Products>
    <TotalAmount>196.77</TotalAmount>
</Order>
<Order>
    <OrderID>124</OrderID>
<Customer>
    <CustomerID>124</CustomerID>
    <Name>Customer 124</Name>
</Customer
>
    <OrderDate>2024-10-15T10:04:00</OrderDate>
<Products>
    <Product>
        <ProductID>224</ProductID>
        <Name>Product 124</Name>
        <Quantity>1</Quantity>
        <Price>99.07</Price>
    </Product>
</Products>
    <TotalAmount>259.72</TotalAmount>
</Order>
<Order>
    <OrderID>125</OrderID>
<Customer>
    <CustomerID>125</CustomerID>
    <Name>Customer 125</Name>
</Customer
>
    <OrderDate>2024-10-15T10:05:00</OrderDate>
<Products>
    <Product>
        <ProductID>225</ProductID>
        <Name>Product 125</Name>
        <Quantity>4</Quantity>
        <Price>40.10</Price>
    </Product>
</Products>
    <TotalAmount>482.08</TotalAmount>
</Order>
</Orders>