<?xml version='1.0' encoding='UTF-8'?>
<Orders>
<Order>
    <OrderID>31</OrderID>
<Customer>
    <CustomerID>31</CustomerID>
    <Name>Customer 31</Name>
</Customer>
    <OrderDate>2024-10-15T10:31:00</OrderDate>
<Products>
    <Product>
        <ProductID>131</ProductID>
        <Name>Product 31</Name>
        <Quantity>4</Quantity>
        <Price>47.06</Price>
    </Product>
</Products>
    <TotalAmount>142.78</TotalAmount>
</Order>
<Order>
    <OrderID>32</OrderID>
<Customer>
    <CustomerID>32</CustomerID>
    <Name>Customer 32</Name>
</Customer>
    <OrderDate>2024-10-15T10:32:00</OrderDate>
<Products>
    <Product>
        <ProductID>132</ProductID>
        <Name>Product 32</Name>
        <Quantity>1</Quantity>
        <Price>54.21</Price>
    </Product>
</Products>
    <TotalAmount>320.97</TotalAmount>
</Order>
<Order>
    <OrderID>33</OrderID>
<Customer>
    <CustomerID>33</CustomerID>
    <Name>Customer 33</Name>
</Customer>
    <OrderDate>2024-10-15T10:33:00</OrderDate>
<Products>
    <Product>
        <ProductID>133</ProductID>
        <Name>Product 33</Name>
        <Quantity>1</Quantity>
        <Price>12.65</Price>
    </Product>
</Products>
    <TotalAmount>403.95</TotalAmount>
</Order>
<Order>
    <OrderID>34</OrderID>
<Customer>
    <CustomerID>34</CustomerID>
    <Name>Customer 34</Name>
</Customer>
    <OrderDate>2024-10-15T10:34:00</OrderDate>
<Products>
    <Product>
        <ProductID>134</ProductID>
        <Name>Product 34</Name>
        <Quantity>5</Quantity>
        <Price>17.90</Price>
    </Product>
</Products>
    <TotalAmount>479.91</TotalAmount>
</Order>
</Orders>