<?xml version='1.0' encoding='UTF-8'?>
<Orders>
<Order>
    <OrderID>61</OrderID>
<Customer>
    <CustomerID>61</CustomerID>
    <Name>Customer 61</Name>
</Customer>
    <OrderDate>2024-10-15T10:01:00</OrderDate>
<Products></Products>
    <TotalAmount>449.14</TotalAmount>
</Order>
<Order>
    <OrderID>62</OrderID>
<Customer>
    <CustomerID>62</CustomerID>
    <Name>Customer 62</Name>
</Customer>
    <OrderDate>2024-10-15T10:02:00</OrderDate>
<Products></Products>
    <TotalAmount>456.90</TotalAmount>
</Order>
<Order>
    <OrderID>63</OrderID>
<Customer>
    <CustomerID>63</CustomerID>
    <Name>Customer 63</Name>
</Customer>
    <OrderDate>2024-10-15T10:03:00</OrderDate>
<Products></Products>
    <TotalAmount>123.54</TotalAmount>
</Order>
<Order>
    <OrderID>64</OrderID>
<Customer>
    <CustomerID>64</CustomerID>
    <Name>Customer 64</Name>
</Customer>
    <OrderDate>2024-10-15T10:04:00</OrderDate>
<Products></Products>
    <TotalAmount>165.58</TotalAmount>
</Order>
<Order>
    <OrderID>65</OrderID>
<Customer>
    <CustomerID>65</CustomerID>
    <Name>Customer 65</Name>
</Customer>
    <OrderDate>2024-10-15T10:05:00</OrderDate>
<Products></Products>
    <TotalAmount>60.37</TotalAmount>
</Order>
</Orders>